REGISTARSKI BROJ,CIJENA(KM)
S00-T-874,1
M38-M-278,1
R08-R-325,1
I38-K-784,1
L72-S-364,1
I08-N-814,1
D48-T-233,1
L65-P-866,1
I82-K-323,1
N12-V-472,1
L22-E-274,1
G16-L-858,1
R88-M-345,1
N33-A-340,1
L82-C-852,1
C21-L-432,1
C11-O-876,1
B13-F-271,1
K27-V-732,1
T20-V-460,1
U88-F-428,1
N10-J-307,1
N84-E-742,1
O47-R-742,1
S64-J-037,1
D10-F-065,1
G58-P-120,1
L31-I-383,1
C36-H-508,1
S83-O-538,1
D61-V-353,1
H74-B-053,1
F65-G-556,64
C50-G-542,64
H20-F-176,64
L45-E-711,64
C57-D-141,64
I71-S-206,64
V24-M-158,64
N47-H-045,64
F00-B-108,64
C72-R-070,64
N34-V-167,64
S86-U-564,64
J20-L-488,64
V52-T-457,64
H43-U-210,64
